Order,Latin_Name,Boreal,Notes/Reference
Class: Amphibia,,,
Anura,Anaxyrus americanus,0,
,Anaxyrus boreas,1,
,Anaxyrus hemiophrys,1,
,Lithobates clamitans,0,
,Lithobates pipiens,1,
,Lithobates septentrionalis,0,
,Lithobates sylvaticus,1,
,Pseudacris crucifer,0,
,Pseudacris maculata,1,
,Rana luteiventris,0,"James, “Status of the Columbia Spotted Frog (Rana Luteiventris) in Alberta.”"
Urodela,Ambystoma laterale,0,
,Ambystoma macrodactylum,1,"Graham and Powell, “Status of the Long-Toed Salamander (Ambystoma Macrodactylum) in Alberta.”"
,Ambystoma maculatum,0,
,Ambystoma tigrinum,1,
,Eurycea bislineata,0,
,Notophthalmus viridescens,0,
,Plethodon cinereus,0,
Class: Aves,,,
Order,Latin Name,,
Accipitriformes,Accipiter cooperii,1,
,Accipiter gentilis,1,
,Accipiter striatus,1,
,Aquila chrysaetos,1,
,Buteo jamaicensis,1,
,Buteo lagopus,0,Winter only
,Buteo lineatus,0,
,Buteo platypterus,1,
,Buteo swainsoni,1,
,Circus cyaneus hudsonius,1,
,Haliaeetus leucocephalus,1,
,Pandion haliaetus,1,
Anseriformes,Aix sponsa,0,
,Anas acuta,1,
,mareca americana,1,
,SPATULA CLYPEATA,1,
,Anas crecca,1,
,SPATULA DISCORS,1,
,Anas platyrhynchos,1,
,Anas rubripes,0,"Longcore et al., “American Black Duck (Anas Rubripes), Version 1.0.”"
,Anas strepera,1,
,Anser albifrons,1,"Ely et al., “Greater White-Fronted Goose (Anser Albifrons), Version 1.1.”"
,Aythya affinis,1,
,Aythya americana,1,
,Aythya collaris,1,
,Aythya marila,2,Migrant Fall/Spring
,Aythya valisineria,1,
,Branta bernicla,0,
,Branta canadensis,1,
,Branta hutchinsii,2,"Migrant | Mlodinow et al., “Cackling Goose (Branta Hutchinsii), Version 2.0.”"
,Bucephala albeola,1,
,Bucephala clangula,1,
,Bucephala islandica,1,
,ANSER CAERULESCENS,1,Migrant Fall/Spring
,Chen rossii,2,Migrant Fall/Spring
,Clangula hyemalis,0,"Robertson and Savard, “Long-Tailed Duck (Clangula Hyemalis), Version 1.0.”"
,Cygnus buccinator,1,
,Cygnus columbianus,2,Migrant Fall/Spring
,Histrionicus histrionicus,0,
,Lophodytes cucullatus,1,
,Melanitta fusca,1,
,Melanitta nigra americana,0,
,Melanitta perspicillata,1,
,Mergus merganser,1,
,Mergus serrator,1,
,Oxyura jamaicensis,1,
,Somateria mollissima,0,
,Somateria spectabilis,0,
Apodiformes,Archilochus colubris,1,
,Chaetura pelagica,0,
,Selasphorus rufus,1,
Caprimulgiformes,Antrostomus vociferus,0,
,Chordeiles minor,1,
Charadriiformes,Actitis macularius,1,
,Aphriza virgata,0,
,Arenaria interpres,2,Migrant Fall/Spring
,Arenaria melanocephala,0,
,Bartramia longicauda,1,
,Calidris alba,2,Migrant Fall/Spring
,Calidris alpina,2,Migrant Fall/Spring
,Calidris bairdii,2,Migrant Fall/Spring
,Calidris canutus,2,Migrant Fall/Spring
,Calidris fuscicollis,2,Migrant Fall/Spring
,Calidris himantopus,1,
,Calidris maritima,0,
,Calidris mauri,2,Migrant Fall/Spring
,Calidris melanotos,2,Migrant Fall/Spring
,Calidris minutilla,2,Migrant Fall/Spring
,Calidris ptilocnemis,0,
,Calidris pusilla,2,Migrant Fall/Spring
,Charadrius melodus,0,
,Charadrius semipalmatus,2,Migrant Fall/Spring
,Charadrius vociferus,1,
,Chlidonias niger,1,
,Chroicocephalus philadelphia,1,
,Chroicocephalus ridibundus,0,
,Gallinago delicata,1,"Mueller, “Wilson’s Snipe (Gallinago Delicata), Version 1.0.”"
,Hydrocoloeus minutus,0,
,Hydroprogne caspia,1,"Cuthbert and Wires, “Caspian Tern (Hydroprogne Caspia), Version 1.0.”"
,Larus argentatus,1,
,Larus californicus,1,
,Larus canus,1,
,Larus delawarensis,1,
,Larus fuscus,0,
,Larus glaucescens,0,
,Larus glaucoides,0,"Snell, Pyle, and Patten, “Iceland Gull (Larus Glaucoides), Version 1.0.”"
,Larus hyperboreus,2,Migrant Fall/Spring
,Larus marinus,0,
,Leucophaeus pipixcan,1,
,Limnodromus griseus,1,
,Limnodromus scolopaceus,2,Migrant Fall/Spring
,Limosa fedoa,1,
,Limosa haemastica,2,Migrant Fall/Spring
,Limosa lapponica,0,
,Numenius phaeopus,1,
,Numenius tahitiensis,0,
,Phalaropus fulicarius,2,Migrant Fall/Spring
,Phalaropus lobatus,2,Migrant Fall/Spring
,Phalaropus tricolor,1,
,Pluvialis dominica,2,Migrant Fall/Spring
,Pluvialis fulva,0,
,Pluvialis squatarola,2,Migrant Fall/Spring
,Recurvirostra americana,1,
,Rhodostethia rosea,0,
,Rissa tridactyla,0,
,Scolopax minor,0,
,Stercorarius longicaudus,0,
,Stercorarius parasiticus,2,Migrant Fall/Spring
,Stercorarius pomarinus,0,
,Sterna forsteri,1,
,Sterna hirundo,1,Migrant Fall/Spring
,Sterna paradisaea,2,Migrant Fall/Spring
,Tringa flavipes,1,
,Tringa incana,0,
,Tringa melanoleuca,1,
,Tringa semipalmata,1,
,Tringa solitaria,1,
,Tryngites subruficollis,2,Migrant Fall/Spring
,Xema sabini,2,Migrant Fall/Spring
Columbiformes,Columba livia,1,
,Zenaida macroura,1,
Coraciiformes,Megaceryle alcyon,1,
Cuculiformes,Coccyzus erythropthalmus,1,
Falconiformes,Falco columbarius,1,
,Falco mexicanus,0,
,Falco peregrinus,1,
,Falco rusticolus,0,winter only
,Falco sparverius,1,
Galliformes,Bonasa umbellus,1,
,Dendragapus obscurus,0,
,CANACHITES CANADENSIS,1,
,Lagopus lagopus,0,
,Lagopus leucura,0,
,Perdix perdix,1,
,Phasianus colchicus,1,
,Tympanuchus phasianellus,1,
Gaviiformes,Gavia adamsii,0,
,Gavia immer,1,
,Gavia pacifica,2,Migrant Fall/Spring
,Gavia stellata,2,Migrant Fall/Spring
Gruiformes,Coturnicops noveboracensis,1,
,Fulica americana,1,
,Grus americana,1,Small Colony
,antigone canadensis,1,
,Porzana carolina,1,
,Rallus limicola,1,
Passeriformes,Acanthis flammea,1,enough data in ABMI to support presense
,Acanthis hornemanni,0,Winter only
,Agelaius phoeniceus,1,
,Ammospiza leconteii,1,
,AMMOSPIZA NELSONI,1,
,Anthus cervinus,0,
,Anthus rubescens,0,
,Anthus spragueii,1,"Davis and Skinner, “Recovery Strategy for the Sprague’s Pipit.”"
,Bombycilla cedrorum,1,
,Bombycilla garrulus,1,
,Calcarius lapponicus,2,Migrant Fall/Spring
,Calcarius pictus,2,"Migrant Spring/Fall | Briskie, “Smith’s Longspur (Calcarius Pictus), Version 1.0.”"
,Cardellina canadensis,1,
,Cardellina pusilla,1,
,Catharus bicknelli,0,
,Catharus fuscescens,1,
,Catharus guttatus,1,
,Catharus minimus,2,"Migrant Sprint/Fall | Whitaker et al., “Gray-Cheeked Thrush (Catharus Minimus), Version 1.0.”"
,Catharus ustulatus,1,
,Centronyx bairdii,0,
,Certhia americana,1,
,Cinclus mexicanus,0,
,Cistothorus palustris,1,
,CISTOTHORUS STELLARIS,1,
,Contopus cooperi,1,
,Contopus sordidulus,1,
,Contopus virens,0,
,Corvus brachyrhynchos,1,
,Corvus corax,1,
,Cyanocitta cristata,1,
,Dolichonyx oryzivorus,1,
,Dumetella carolinensis,1,
,Empidonax alnorum,1,
,Empidonax difficilis,0,
,Empidonax flaviventris,1,
,Empidonax hammondii,0,
,Empidonax minimus,1,
,Empidonax oberholseri,0,
,Empidonax traillii,0,
,Eremophila alpestris,1,
,Euphagus carolinus,1,
,Euphagus cyanocephalus,1,
,Geothlypis philadelphia,1,
,Geothlypis tolmiei,0,
,Geothlypis trichas,1,
,Haemorhous purpureus,1,
,COCCOTHRAUSTES VESPERTINUS,1,
,Hirundo rustica,1,
,Hylocichla mustelina,0,
,Icterus galbula,1,
,Ixoreus naevius,1,
,Junco hyemalis,1,
,Lanius excubitor borealis,1,
,Lanius ludovicianus,1,
,Leiothlypis celata,1,
,Leiothlypis peregrina,1,
,Leiothlypis ruficapilla,1,"Migrant fall/spring | Lowther and Williams, “Nashville Warbler (Leiothlypis Ruficapilla), Version 1.0.”"
,Leucosticte tephrocotis,0,
,Loxia curvirostra,1,
,Loxia leucoptera,1,
,Luscinia svecica,0,
,Melospiza georgiana,1,
,Melospiza lincolnii,1,
,Melospiza melodia,1,
,Mniotilta varia,1,
,Molothrus ater,1,
,Myadestes townsendi,2,"Migrant Fall/Spring | Bowen, “Townsend’s Solitaire (Myadestes Townsendi), Version 1.0.”"
,Myiarchus crinitus,1,
,Nucifraga columbiana,0,
,Oenanthe oenanthe,0,
,Oporornis agilis,1,
,Parkesia noveboracensis,1,
,Passer domesticus,1,
,Passerculus sandwichensis,1,
,Passerella iliaca,1,
,Passerina cyanea,0,
,Perisoreus canadensis,1,
,Petrochelidon pyrrhonota,1,
,Pheucticus ludovicianus,1,
,Phylloscopus borealis,0,
,Pica hudsonia,1,
,Pinicola enucleator,1,
,Pipilo erythrophthalmus,0,
,Pipilo maculatus,0,
,Piranga ludoviciana,1,
,Piranga olivacea,0,
,Poecile atricapillus,1,
,Poecile cinctus,0,
,Poecile gambeli,0,
,Poecile hudsonicus,1,
,Poecile rufescens,0,
,Pooecetes gramineus,1,
,Progne subis,1,
,Quiscalus quiscula,1,
,CORTHYLIO CALENDULA,1,
,Regulus satrapa,1,
,Riparia riparia,1,
,Sayornis phoebe,1,
,Sayornis saya,1,
,Seiurus aurocapilla,1,
,Setophaga americana,0,
,Setophaga caerulescens,0,
,Setophaga castanea,1,
,Setophaga coronata,1,
,Setophaga fusca,1,
,Setophaga magnolia,1,
,Setophaga palmarum,1,
,Setophaga pensylvanica,1,
,Setophaga petechia,1,
,Setophaga pinus,0,
,Setophaga ruticilla,1,
,Setophaga striata,1,
,Setophaga tigrina,1,
,Setophaga townsendi,0,
,Setophaga virens,1,
,Sialia currucoides,1,
,Sialia sialis,0,"Gowaty and Plissner, “Eastern Bluebird (Sialia Sialis), Version 1.0.”"
,Sitta canadensis,1,
,Sitta carolinensis,1,
,Spinus pinus,1,
,Spinus tristis,1,
,Spizella breweri,0,
,Spizella pallida,1,
,Spizella passerina,1,
,Spizelloides arborea,1,
,Stelgidopteryx serripennis,1,
,Sturnella magna,0,
,Sturnella neglecta,1,2
,Sturnus vulgaris,1,
,Tachycineta bicolor,1,
,Tachycineta thalassina,0,
,Toxostoma rufum,1,
,Troglodytes aedon,1,
,Troglodytes hiemalis,1,
,Turdus migratorius,1,
,Tyrannus tyrannus,1,
,Vireo cassinii,0,
,Vireo flavifrons,0,
,Vireo gilvus,1,
,Vireo olivaceus,1,
,Vireo philadelphicus,1,
,Vireo solitarius,1,
,Xanthocephalus xanthocephalus,1,
,Zonotrichia albicollis,1,
,Zonotrichia atricapilla,0,
,Zonotrichia leucophrys,1,
,Zonotrichia querula,2,Migrant | “Harris’s Sparrow (Zonotrichia Querula).”
Pelecaniformes,Ardea herodias,1,
,Botaurus lentiginosus,1,
,Nycticorax nycticorax,1,
,Pelecanus erythrorhynchos,1,
Piciformes,Colaptes auratus,1,
,Dryobates pubescens,1,
,Dryocopus pileatus,1,
,DRYOBATES VILLOSUS,1,
,Melanerpes erythrocephalus,0,
,Melanerpes lewis,0,
,Picoides arcticus,1,
,Picoides dorsalis,1,
,Sphyrapicus nuchalis,0,
,Sphyrapicus ruber,0,
,Sphyrapicus varius,1,
Podicipediformes,Aechmophorus occidentalis,1,
,Podiceps auritus,1,
,Podiceps grisegena,1,
,Podiceps nigricollis,1,
,Podilymbus podiceps,1,
Strigiformes,Aegolius acadicus,1,
,Aegolius funereus,1,
,Asio flammeus,1,
,Asio otus,1,
,Bubo virginianus,1,
,Glaucidium gnoma,1,
,Strix nebulosa,1,
,Strix varia,1,
,Surnia ulula,1,
Suliformes,Phalacrocorax auritus,1,
Class: Mammalia,,,
Order,Latin Name,,
Artiodactyla,Alces americanus,1,
,Bison bison,1,"Mitchell, “Status of the Wood Bison (Bison Bison Athabascae) in Alberta.”, Nishi, “Status of the American Bison (Bison Bison) in Alberta : Update 2017.”"
,Cervus canadensis,1,
,Odocoileus hemionus,1,
,Odocoileus virginianus,1,
,Oreamnos americanus,0,
,Ovis dalli,0,
,Rangifer tarandus,1,
Carnivora,Canis latrans,1,
,Canis lupus,1,
,Gulo gulo,1,
,Lontra canadensis,1,
,Lynx canadensis,1,
,Martes americana,1,
,Mephitis mephitis,1,
,Mustela erminea,1,
,Mustela frenata,1,
,Mustela nivalis,1,
,Mustela vison,1,
,Pekania pennanti,1,
,Puma concolor,0,
,Ursus americanus,1,
,Ursus arctos,1,
,Vulpes vulpes,1,
Chiroptera,Eptesicus fuscus,1,
,Lasionycteris noctivagans,1,
,Lasiurus borealis,0,
,Lasiurus cinereus,1,
,Myotis lucifugus,1,
,Myotis septentrionalis,1,
Eulipotyphla,Blarina brevicauda,0,
,Condylura cristata,0,
,Sorex arcticus,1,
,Sorex cinereus,1,
,Sorex fumeus,0,
,Sorex hoyi,1,
,Sorex monticolus,1,
,Sorex palustris,1,
,Sorex tundrensis,0,
Lagomorpha,Lepus americanus,1,
,Ochotona collaris,0,
Perissodactyla,Equus caballus,0,"Zomorodi and Walker, “Management Strategies of Free-Roaming Horses in Alberta Compared with Other Jurisdictions.”"
Rodentia,Callospermophilus lateralis,0,
,Castor canadensis,1,
,Erethizon dorsatus,1,
,Glaucomys sabrinus,1,
,Marmota caligata,0,
,Marmota monax,1,
,Microtus chrotorrhinus,0,
,Microtus longicaudus,0,
,Microtus miurus,0,
,Microtus oeconomus,0,
,Microtus pennsylvanicus,1,
,Microtus xanthognathus,0,"Engley and Norton, “Distribution of Selected Small Mammals in Alberta.”"
,Myodes gapperi,1,
,Myodes rutilus,0,
,Napaeozapus insignis,0,
,Neotoma cinerea,0,"Escherich, Social Biology of the Bushy-Tailed Woodrat, Neotoma Cinerea; Topping and Millar, “Spatial Distribution in the Bushy-Tailed Wood Rat (Neotoma Cinerea) and Its Implications for the Mating System.”"
,Ondatra zibethicus,1,
,Peromyscus maniculatus,1,
,Phenacomys intermedius,1,
,Synaptomys borealis,1,
,Tamias minimus,1,
,Tamias striatus,0,
,Tamiasciurus hudsonicus,1,
,Urocitellus parryii,0,
,Zapus hudsonius,1,
,Zapus princeps,1,
Class: Reptilia,,,
Order,Latin Name,,
Squamata,Thamnophis sirtalis,1,
Testudines,Chelydra serpentina,0,“Snapping Turtle (Chelydra Serpentina).”
,Chrysemys picta bellii,0,“Western Painted Turtle (Chrysemys Picta Bellii).”
Other,shrubs,3,
Other,Coniferous trees,3,
Other,Aquatic vegetation,3,
Other,Deciduous trees,3,
Other,Forbs,3,
Other,Graminoids,3,
Other,Other ground vegetation,3,
Other,Terrestrial invertebrates,3,
Other,Aquatic insects,3,
Other,Other aquatic invertebrates,3,
Other,Fish,3,
